20250722_143022,no_recycle,0.55,no_recycle_54_20250722_143022.jpg
20250722_143029,no_recycle,0.60,no_recycle_59_20250722_143029.jpg
20250722_143031,no_recycle,0.56,no_recycle_55_20250722_143031.jpg
20250722_143032,plastic,0.60,plastic_59_20250722_143032.jpg
20250722_143037,no_recycle,0.56,no_recycle_55_20250722_143037.jpg
20250722_143038,no_recycle,0.51,no_recycle_51_20250722_143038.jpg
20250722_143039,no_recycle,0.58,no_recycle_58_20250722_143039.jpg
20250722_143041,plastic,0.56,plastic_56_20250722_143041.jpg
20250723_131344,no_recycle,0.56,no_recycle_56_20250723_131344.jpg
20250723_131344,plastic,0.52,plastic_52_20250723_131344.jpg
20250723_131346,plastic,0.57,plastic_56_20250723_131346.jpg
20250723_131347,plastic,0.58,plastic_57_20250723_131347.jpg
20250723_131349,plastic,0.58,plastic_58_20250723_131349.jpg
20250723_131350,no_recycle,0.53,no_recycle_53_20250723_131350.jpg
20250723_131351,no_recycle,0.57,no_recycle_57_20250723_131351.jpg
20250723_131351,plastic,0.52,plastic_51_20250723_131351.jpg
20250723_131352,plastic,0.51,plastic_50_20250723_131352.jpg
20250723_131353,plastic,0.51,plastic_50_20250723_131353.jpg
20250723_131353,no_recycle,0.57,no_recycle_57_20250723_131353.jpg
20250723_131353,no_recycle,0.51,no_recycle_51_20250723_131353.jpg
20250723_131355,no_recycle,0.59,no_recycle_59_20250723_131355.jpg
20250723_131404,plastic,0.58,plastic_57_20250723_131404.jpg
20250723_131406,no_recycle,0.58,no_recycle_58_20250723_131406.jpg
20250723_131407,no_recycle,0.55,no_recycle_54_20250723_131407.jpg
20250723_131409,no_recycle,0.59,no_recycle_58_20250723_131409.jpg
20250723_131413,no_recycle,0.51,no_recycle_50_20250723_131413.jpg
20250723_131421,plastic,0.57,plastic_57_20250723_131421.jpg
20250723_131425,plastic,0.54,plastic_54_20250723_131425.jpg
20250723_131425,plastic,0.54,plastic_53_20250723_131425.jpg
20250723_131430,no_recycle,0.58,no_recycle_57_20250723_131430.jpg
20250723_131430,plastic,0.55,plastic_55_20250723_131430.jpg
20250723_131431,plastic,0.60,plastic_59_20250723_131431.jpg
20250723_131432,no_recycle,0.54,no_recycle_53_20250723_131432.jpg
20250723_131434,plastic,0.53,plastic_52_20250723_131434.jpg
20250723_131435,no_recycle,0.56,no_recycle_55_20250723_131435.jpg
20250723_131435,no_recycle,0.56,no_recycle_56_20250723_131435.jpg
20250723_131436,no_recycle,0.59,no_recycle_59_20250723_131436.jpg
20250723_131439,no_recycle,0.56,no_recycle_56_20250723_131439.jpg
20250723_131440,no_recycle,0.57,no_recycle_57_20250723_131440.jpg
20250723_131526,no_recycle,0.52,no_recycle_51_20250723_131526.jpg
20250723_140015,no_recycle,0.58,no_recycle_58_20250723_140015.jpg
20250723_140018,plastic,0.53,plastic_52_20250723_140018.jpg
20250723_140027,plastic,0.58,plastic_58_20250723_140027.jpg
20250723_140050,no_recycle,0.58,no_recycle_57_20250723_140050.jpg
20250723_140105,plastic,0.60,plastic_59_20250723_140105.jpg
20250723_140111,plastic,0.52,plastic_51_20250723_140111.jpg
20250723_140116,plastic,0.51,plastic_50_20250723_140116.jpg
20250723_140117,no_recycle,0.51,no_recycle_50_20250723_140117.jpg
20250723_140118,no_recycle,0.50,no_recycle_50_20250723_140118.jpg
20250723_140120,no_recycle,0.50,no_recycle_49_20250723_140120.jpg
20250723_140122,plastic,0.56,plastic_55_20250723_140122.jpg
20250723_140559,no_recycle,0.55,no_recycle_54_20250723_140559.jpg
20250723_140621,no_recycle,0.60,no_recycle_59_20250723_140621.jpg
20250723_140623,no_recycle,0.55,no_recycle_54_20250723_140623.jpg
20250723_140623,no_recycle,0.51,no_recycle_51_20250723_140623.jpg
20250723_140628,plastic,0.51,plastic_50_20250723_140628.jpg
20250723_140628,no_recycle,0.56,no_recycle_56_20250723_140628.jpg
20250723_140633,plastic,0.54,plastic_53_20250723_140633.jpg
20250723_140727,no_recycle,0.57,no_recycle_57_20250723_140727.jpg
20250723_140728,plastic,0.58,plastic_57_20250723_140728.jpg
20250723_140734,plastic,0.59,plastic_58_20250723_140734.jpg
20250723_140738,plastic,0.50,plastic_50_20250723_140738.jpg
20250723_140805,plastic,0.56,plastic_55_20250723_140805.jpg
20250723_140806,plastic,0.50,plastic_50_20250723_140806.jpg
20250723_140806,plastic,0.46,plastic_46_20250723_140806.jpg
20250723_140807,plastic,0.59,plastic_59_20250723_140807.jpg
20250723_140807,plastic,0.54,plastic_54_20250723_140807.jpg
20250723_140807,plastic,0.50,plastic_49_20250723_140807.jpg
20250723_140808,plastic,0.54,plastic_53_20250723_140808.jpg
20250723_140808,plastic,0.47,plastic_46_20250723_140808.jpg
20250723_140809,plastic,0.52,plastic_52_20250723_140809.jpg
20250723_140809,plastic,0.58,plastic_57_20250723_140809.jpg
20250723_140810,plastic,0.57,plastic_57_20250723_140810.jpg
20250723_140810,plastic,0.53,plastic_52_20250723_140810.jpg
20250723_140811,plastic,0.53,plastic_53_20250723_140811.jpg
20250723_140811,plastic,0.52,plastic_51_20250723_140811.jpg
20250723_140816,plastic,0.55,plastic_54_20250723_140816.jpg
20250723_140817,plastic,0.60,plastic_59_20250723_140817.jpg
20250723_140818,plastic,0.58,plastic_57_20250723_140818.jpg
20250723_140819,plastic,0.55,plastic_55_20250723_140819.jpg
20250723_140819,plastic,0.51,plastic_51_20250723_140819.jpg
20250723_140819,plastic,0.54,plastic_53_20250723_140819.jpg
20250723_140820,plastic,0.46,plastic_46_20250723_140820.jpg
20250723_140820,plastic,0.52,plastic_51_20250723_140820.jpg
20250723_140821,no_recycle,0.55,no_recycle_54_20250723_140821.jpg
20250723_140821,no_recycle,0.47,no_recycle_46_20250723_140821.jpg
20250723_140821,plastic,0.53,plastic_52_20250723_140821.jpg
20250723_140822,plastic,0.57,plastic_57_20250723_140822.jpg
20250723_140822,plastic,0.53,plastic_52_20250723_140822.jpg
20250723_140823,plastic,0.48,plastic_47_20250723_140823.jpg
20250723_140823,plastic,0.48,plastic_48_20250723_140823.jpg
20250723_140823,no_recycle,0.50,no_recycle_49_20250723_140823.jpg
20250723_140824,plastic,0.53,plastic_53_20250723_140824.jpg
20250723_140824,plastic,0.57,plastic_57_20250723_140824.jpg
20250723_140824,no_recycle,0.49,no_recycle_48_20250723_140824.jpg
20250723_140825,plastic,0.50,plastic_50_20250723_140825.jpg
20250723_140825,plastic,0.56,plastic_56_20250723_140825.jpg
20250723_140826,plastic,0.59,plastic_59_20250723_140826.jpg
20250723_140826,plastic,0.51,plastic_51_20250723_140826.jpg
20250723_140826,plastic,0.55,plastic_55_20250723_140826.jpg
20250723_140827,plastic,0.55,plastic_54_20250723_140827.jpg
20250723_140827,plastic,0.53,plastic_52_20250723_140827.jpg
20250723_140828,plastic,0.58,plastic_57_20250723_140828.jpg
20250723_140828,plastic,0.48,plastic_47_20250723_140828.jpg
20250723_140828,plastic,0.49,plastic_48_20250723_140828.jpg
20250723_140829,no_recycle,0.55,no_recycle_55_20250723_140829.jpg
20250723_140829,no_recycle,0.55,no_recycle_55_20250723_140829.jpg
20250723_140829,no_recycle,0.58,no_recycle_57_20250723_140829.jpg
20250723_140830,no_recycle,0.52,no_recycle_51_20250723_140830.jpg
20250723_140830,plastic,0.48,plastic_47_20250723_140830.jpg
20250723_140830,no_recycle,0.52,no_recycle_51_20250723_140830.jpg
20250723_140831,plastic,0.48,plastic_47_20250723_140831.jpg
20250723_140836,plastic,0.59,plastic_59_20250723_140836.jpg
20250723_140836,plastic,0.59,plastic_58_20250723_140836.jpg
20250723_140837,plastic,0.39,plastic_39_20250723_140837.jpg
20250723_140841,no_recycle,0.45,no_recycle_45_20250723_140841.jpg
20250723_140842,plastic,0.55,plastic_55_20250723_140842.jpg
20250723_140842,plastic,0.55,plastic_54_20250723_140842.jpg
20250723_140845,plastic,0.59,plastic_58_20250723_140845.jpg
20250723_140845,plastic,0.55,plastic_54_20250723_140845.jpg
20250723_140846,plastic,0.47,plastic_47_20250723_140846.jpg
20250723_140846,no_recycle,0.49,no_recycle_49_20250723_140846.jpg
20250723_140847,plastic,0.51,plastic_50_20250723_140847.jpg
20250723_140847,plastic,0.56,plastic_55_20250723_140847.jpg
20250723_140848,plastic,0.53,plastic_53_20250723_140848.jpg
20250723_140848,plastic,0.57,plastic_56_20250723_140848.jpg
20250723_140848,plastic,0.46,plastic_46_20250723_140848.jpg
20250723_140849,plastic,0.58,plastic_58_20250723_140849.jpg
20250723_140850,plastic,0.53,plastic_52_20250723_140850.jpg
20250723_140851,plastic,0.59,plastic_59_20250723_140851.jpg
20250723_140853,plastic,0.59,plastic_59_20250723_140853.jpg
20250723_140855,plastic,0.56,plastic_56_20250723_140855.jpg
20250723_140855,no_recycle,0.53,no_recycle_53_20250723_140855.jpg
20250723_140856,no_recycle,0.56,no_recycle_55_20250723_140856.jpg
20250723_140857,plastic,0.47,plastic_47_20250723_140857.jpg
20250723_140858,plastic,0.53,plastic_52_20250723_140858.jpg
20250723_140859,plastic,0.49,plastic_48_20250723_140859.jpg
20250723_140859,metal,0.49,metal_48_20250723_140859.jpg
20250723_140859,metal,0.50,metal_49_20250723_140859.jpg
20250723_140900,metal,0.58,metal_58_20250723_140900.jpg
20250723_140900,metal,0.45,metal_45_20250723_140900.jpg
20250723_140900,metal,0.49,metal_48_20250723_140900.jpg
20250723_140901,metal,0.51,metal_50_20250723_140901.jpg
20250723_140902,metal,0.46,metal_45_20250723_140902.jpg
20250723_140903,metal,0.39,metal_38_20250723_140903.jpg
20250723_140903,metal,0.39,metal_38_20250723_140903.jpg
20250723_140903,metal,0.45,metal_44_20250723_140903.jpg
20250723_140904,metal,0.47,metal_46_20250723_140904.jpg
20250723_140904,metal,0.45,metal_44_20250723_140904.jpg
20250723_140905,metal,0.47,metal_47_20250723_140905.jpg
20250723_140908,no_recycle,0.53,no_recycle_53_20250723_140908.jpg
20250723_140914,no_recycle,0.57,no_recycle_56_20250723_140914.jpg
20250723_140915,no_recycle,0.59,no_recycle_59_20250723_140915.jpg
20250723_140922,plastic,0.52,plastic_51_20250723_140922.jpg
20250723_140922,metal,0.49,metal_49_20250723_140922.jpg
20250723_140924,plastic,0.46,plastic_45_20250723_140924.jpg
20250723_140924,plastic,0.44,plastic_43_20250723_140924.jpg
20250723_140925,plastic,0.51,plastic_50_20250723_140925.jpg
20250723_140925,metal,0.46,metal_45_20250723_140925.jpg
20250723_140925,metal,0.51,metal_50_20250723_140925.jpg
20250723_140926,metal,0.55,metal_54_20250723_140926.jpg
20250723_140928,plastic,0.57,plastic_56_20250723_140928.jpg
20250723_140942,no_recycle,0.57,no_recycle_57_20250723_140942.jpg
20250723_140942,no_recycle,0.57,no_recycle_57_20250723_140942.jpg
20250723_140944,no_recycle,0.56,no_recycle_56_20250723_140944.jpg
20250723_140945,plastic,0.51,plastic_51_20250723_140945.jpg
20250723_140946,plastic,0.57,plastic_56_20250723_140946.jpg
20250723_140948,plastic,0.60,plastic_59_20250723_140948.jpg
20250723_140951,plastic,0.52,plastic_51_20250723_140951.jpg
20250723_140952,no_recycle,0.55,no_recycle_54_20250723_140952.jpg
20250723_140952,plastic,0.51,plastic_51_20250723_140952.jpg
20250723_141019,no_recycle,0.57,no_recycle_57_20250723_141019.jpg
20250723_141019,no_recycle,0.50,no_recycle_50_20250723_141019.jpg
20250723_141020,plastic,0.50,plastic_50_20250723_141020.jpg
20250723_141021,no_recycle,0.53,no_recycle_53_20250723_141021.jpg
20250723_141022,plastic,0.50,plastic_50_20250723_141022.jpg
20250723_141022,no_recycle,0.58,no_recycle_58_20250723_141022.jpg
20250723_141024,plastic,0.53,plastic_52_20250723_141024.jpg
20250723_141025,no_recycle,0.55,no_recycle_55_20250723_141025.jpg
20250723_141027,plastic,0.51,plastic_50_20250723_141027.jpg
20250723_141028,no_recycle,0.57,no_recycle_57_20250723_141028.jpg
20250723_141028,no_recycle,0.59,no_recycle_59_20250723_141028.jpg
20250723_141029,no_recycle,0.54,no_recycle_54_20250723_141029.jpg
20250723_141032,plastic,0.59,plastic_58_20250723_141032.jpg
20250723_141037,plastic,0.59,plastic_58_20250723_141037.jpg
20250723_141038,no_recycle,0.53,no_recycle_53_20250723_141038.jpg
20250723_141054,metal,0.45,metal_44_20250723_141054.jpg
20250723_141056,plastic,0.51,plastic_51_20250723_141056.jpg
20250723_141057,plastic,0.55,plastic_54_20250723_141057.jpg
20250723_141057,plastic,0.60,plastic_59_20250723_141057.jpg
20250723_141104,no_recycle,0.54,no_recycle_53_20250723_141104.jpg
20250723_141115,plastic,0.52,plastic_52_20250723_141115.jpg
20250723_141120,no_recycle,0.54,no_recycle_53_20250723_141120.jpg
20250723_141121,no_recycle,0.53,no_recycle_53_20250723_141121.jpg
20250723_141123,plastic,0.57,plastic_57_20250723_141123.jpg
20250723_141123,plastic,0.52,plastic_52_20250723_141123.jpg
20250723_141124,plastic,0.57,plastic_56_20250723_141124.jpg
20250723_141125,no_recycle,0.55,no_recycle_55_20250723_141125.jpg
20250723_141126,plastic,0.53,plastic_52_20250723_141126.jpg
20250723_141127,plastic,0.57,plastic_56_20250723_141127.jpg
20250723_141129,plastic,0.55,plastic_55_20250723_141129.jpg
20250723_141130,no_recycle,0.58,no_recycle_58_20250723_141130.jpg
20250723_141130,no_recycle,0.60,no_recycle_59_20250723_141130.jpg
20250723_141133,plastic,0.59,plastic_59_20250723_141133.jpg
20250723_141135,plastic,0.56,plastic_56_20250723_141135.jpg
20250723_141136,plastic,0.56,plastic_55_20250723_141136.jpg
20250723_141136,plastic,0.53,plastic_52_20250723_141136.jpg
20250723_141137,plastic,0.53,plastic_53_20250723_141137.jpg
20250723_141138,plastic,0.54,plastic_53_20250723_141138.jpg
20250723_141217,plastic,0.56,plastic_55_20250723_141217.jpg
20250723_141217,plastic,0.56,plastic_55_20250723_141217.jpg
20250723_141218,plastic,0.50,plastic_50_20250723_141218.jpg
20250723_141219,plastic,0.54,plastic_53_20250723_141219.jpg
20250723_141220,plastic,0.51,plastic_51_20250723_141220.jpg
20250723_141220,plastic,0.60,plastic_59_20250723_141220.jpg
20250723_141221,plastic,0.53,plastic_53_20250723_141221.jpg
20250723_141222,no_recycle,0.51,no_recycle_51_20250723_141222.jpg
20250723_141222,plastic,0.55,plastic_54_20250723_141222.jpg
20250723_141224,plastic,0.57,plastic_57_20250723_141224.jpg
20250723_141224,no_recycle,0.59,no_recycle_58_20250723_141224.jpg
20250723_141228,plastic,0.50,plastic_49_20250723_141228.jpg
20250723_141229,plastic,0.51,plastic_51_20250723_141229.jpg
20250723_141230,plastic,0.60,plastic_59_20250723_141230.jpg
20250723_141237,no_recycle,0.58,no_recycle_58_20250723_141237.jpg
20250723_141237,no_recycle,0.55,no_recycle_54_20250723_141237.jpg
20250723_150709,plastic,0.56,plastic_56_20250723_150709.jpg
20250723_150717,plastic,0.51,plastic_51_20250723_150717.jpg
20250723_150720,plastic,0.56,plastic_56_20250723_150720.jpg
20250723_150720,no_recycle,0.60,no_recycle_59_20250723_150720.jpg
20250723_150748,no_recycle,0.52,no_recycle_52_20250723_150748.jpg
20250723_150751,plastic,0.56,plastic_56_20250723_150751.jpg
20250723_150752,plastic,0.50,plastic_50_20250723_150752.jpg
20250723_150752,plastic,0.55,plastic_54_20250723_150752.jpg
20250723_150753,plastic,0.40,plastic_39_20250723_150753.jpg
20250723_150754,plastic,0.50,plastic_50_20250723_150754.jpg
20250723_150754,plastic,0.41,plastic_41_20250723_150754.jpg
20250723_150754,plastic,0.38,plastic_37_20250723_150754.jpg
20250723_150755,plastic,0.45,plastic_44_20250723_150755.jpg
20250723_150755,plastic,0.49,plastic_48_20250723_150755.jpg
20250723_150757,plastic,0.58,plastic_58_20250723_150757.jpg
20250723_150758,no_recycle,0.59,no_recycle_58_20250723_150758.jpg
20250723_150758,no_recycle,0.56,no_recycle_55_20250723_150758.jpg
20250723_150800,no_recycle,0.38,no_recycle_37_20250723_150800.jpg
20250723_150800,no_recycle,0.51,no_recycle_50_20250723_150800.jpg
20250723_150801,plastic,0.45,plastic_44_20250723_150801.jpg
20250723_150936,plastic,0.58,plastic_57_20250723_150936.jpg
20250723_150937,plastic,0.56,plastic_55_20250723_150937.jpg
20250723_150938,plastic,0.52,plastic_51_20250723_150938.jpg
20250723_150952,plastic,0.50,plastic_50_20250723_150952.jpg
20250723_150953,no_recycle,0.52,no_recycle_52_20250723_150953.jpg
20250723_150958,no_recycle,0.52,no_recycle_51_20250723_150958.jpg
20250723_150958,no_recycle,0.57,no_recycle_57_20250723_150958.jpg
20250723_150959,no_recycle,0.54,no_recycle_53_20250723_150959.jpg
20250723_150959,plastic,0.55,plastic_54_20250723_150959.jpg
20250723_151002,no_recycle,0.51,no_recycle_50_20250723_151002.jpg
20250723_151002,plastic,0.53,plastic_52_20250723_151002.jpg
20250723_151003,plastic,0.60,plastic_59_20250723_151003.jpg
20250723_151003,plastic,0.57,plastic_56_20250723_151003.jpg
20250723_151004,plastic,0.56,plastic_56_20250723_151004.jpg
20250723_151004,plastic,0.56,plastic_55_20250723_151004.jpg
20250723_151025,no_recycle,0.51,no_recycle_50_20250723_151025.jpg
20250723_151026,no_recycle,0.54,no_recycle_53_20250723_151026.jpg
20250723_151054,no_recycle,0.55,no_recycle_54_20250723_151054.jpg
20250723_151101,plastic,0.55,plastic_54_20250723_151101.jpg
20250723_151102,no_recycle,0.60,no_recycle_59_20250723_151102.jpg
20250723_151102,plastic,0.59,plastic_59_20250723_151102.jpg
20250723_151104,no_recycle,0.56,no_recycle_56_20250723_151104.jpg
20250723_151105,no_recycle,0.57,no_recycle_57_20250723_151105.jpg
20250723_151105,no_recycle,0.59,no_recycle_59_20250723_151105.jpg
20250723_151106,no_recycle,0.58,no_recycle_57_20250723_151106.jpg
20250723_151106,no_recycle,0.53,no_recycle_53_20250723_151106.jpg
20250723_151107,plastic,0.51,plastic_51_20250723_151107.jpg
20250723_151107,plastic,0.52,plastic_51_20250723_151107.jpg
20250723_151108,plastic,0.57,plastic_57_20250723_151108.jpg
20250723_151110,plastic,0.54,plastic_53_20250723_151110.jpg
20250723_151110,plastic,0.53,plastic_53_20250723_151110.jpg
20250723_151111,no_recycle,0.60,no_recycle_59_20250723_151111.jpg
20250723_151112,plastic,0.57,plastic_56_20250723_151112.jpg
20250723_151130,plastic,0.52,plastic_51_20250723_151130.jpg
20250723_151132,no_recycle,0.51,no_recycle_50_20250723_151132.jpg
20250723_151133,no_recycle,0.53,no_recycle_52_20250723_151133.jpg
20250723_151152,no_recycle,0.50,no_recycle_50_20250723_151152.jpg
20250723_151205,plastic,0.53,plastic_53_20250723_151205.jpg
20250723_151207,plastic,0.58,plastic_58_20250723_151207.jpg
20250723_151208,plastic,0.59,plastic_58_20250723_151208.jpg
20250723_151211,no_recycle,0.54,no_recycle_54_20250723_151211.jpg
20250723_151215,plastic,0.55,plastic_54_20250723_151215.jpg
20250723_151220,plastic,0.53,plastic_53_20250723_151220.jpg
20250723_151223,plastic,0.55,plastic_55_20250723_151223.jpg
20250723_151224,plastic,0.52,plastic_52_20250723_151224.jpg
20250723_151227,plastic,0.54,plastic_54_20250723_151227.jpg
20250723_151229,no_recycle,0.55,no_recycle_54_20250723_151229.jpg
20250723_151234,plastic,0.51,plastic_50_20250723_151234.jpg
20250723_151237,plastic,0.53,plastic_52_20250723_151237.jpg
20250723_151238,plastic,0.51,plastic_51_20250723_151238.jpg
20250723_151238,no_recycle,0.56,no_recycle_55_20250723_151238.jpg
20250723_151239,no_recycle,0.54,no_recycle_53_20250723_151239.jpg
20250723_151240,no_recycle,0.52,no_recycle_52_20250723_151240.jpg
20250723_151240,plastic,0.58,plastic_58_20250723_151240.jpg
20250723_151242,plastic,0.57,plastic_57_20250723_151242.jpg
20250723_151303,plastic,0.60,plastic_59_20250723_151303.jpg
20250723_151308,metal,0.58,metal_57_20250723_151308.jpg
20250723_151308,plastic,0.53,plastic_53_20250723_151308.jpg
20250723_151309,plastic,0.55,plastic_54_20250723_151309.jpg
20250723_151312,no_recycle,0.57,no_recycle_56_20250723_151312.jpg
20250723_151315,no_recycle,0.57,no_recycle_56_20250723_151315.jpg
20250723_151330,plastic,0.51,plastic_50_20250723_151330.jpg
20250723_151333,plastic,0.54,plastic_54_20250723_151333.jpg
20250723_151333,no_recycle,0.54,no_recycle_54_20250723_151333.jpg
20250723_151343,no_recycle,0.59,no_recycle_58_20250723_151343.jpg
20250723_151344,plastic,0.44,plastic_43_20250723_151344.jpg
20250723_151345,no_recycle,0.46,no_recycle_46_20250723_151345.jpg
20250723_151345,no_recycle,0.47,no_recycle_47_20250723_151345.jpg
20250723_151345,plastic,0.53,plastic_53_20250723_151345.jpg
20250723_151346,plastic,0.56,plastic_56_20250723_151346.jpg
20250723_151347,no_recycle,0.50,no_recycle_49_20250723_151347.jpg
20250723_151348,no_recycle,0.59,no_recycle_59_20250723_151348.jpg
20250723_151348,plastic,0.52,plastic_52_20250723_151348.jpg
20250723_151349,no_recycle,0.53,no_recycle_52_20250723_151349.jpg
20250723_151349,plastic,0.46,plastic_45_20250723_151349.jpg
20250723_151350,no_recycle,0.44,no_recycle_44_20250723_151350.jpg
20250723_151350,no_recycle,0.58,no_recycle_57_20250723_151350.jpg
20250723_151350,no_recycle,0.53,no_recycle_53_20250723_151350.jpg
20250723_151351,no_recycle,0.55,no_recycle_54_20250723_151351.jpg
20250723_151355,plastic,0.57,plastic_57_20250723_151355.jpg
20250723_151407,plastic,0.40,plastic_39_20250723_151407.jpg
20250723_151413,no_recycle,0.45,no_recycle_45_20250723_151413.jpg
20250723_151413,organique,0.49,organique_48_20250723_151413.jpg
20250723_151413,organique,0.54,organique_53_20250723_151413.jpg
20250723_151414,plastic,0.50,plastic_50_20250723_151414.jpg
20250723_151415,plastic,0.57,plastic_57_20250723_151415.jpg
20250723_151415,plastic,0.44,plastic_43_20250723_151415.jpg
20250723_151416,plastic,0.49,plastic_49_20250723_151416.jpg
20250723_151416,plastic,0.54,plastic_54_20250723_151416.jpg
20250723_151417,organique,0.51,organique_50_20250723_151417.jpg
20250723_151417,plastic,0.55,plastic_54_20250723_151417.jpg
20250723_151419,organique,0.44,organique_44_20250723_151419.jpg
20250723_151419,plastic,0.48,plastic_47_20250723_151419.jpg
20250723_151419,plastic,0.49,plastic_49_20250723_151419.jpg
20250723_151420,organique,0.49,organique_49_20250723_151420.jpg
20250723_151420,plastic,0.58,plastic_57_20250723_151420.jpg
20250723_151421,organique,0.46,organique_45_20250723_151421.jpg
20250723_151422,no_recycle,0.50,no_recycle_49_20250723_151422.jpg
20250723_151422,no_recycle,0.51,no_recycle_51_20250723_151422.jpg
20250723_151423,no_recycle,0.54,no_recycle_53_20250723_151423.jpg
20250723_151424,organique,0.48,organique_48_20250723_151424.jpg
20250723_151424,organique,0.53,organique_52_20250723_151424.jpg
20250723_151424,plastic,0.45,plastic_45_20250723_151424.jpg
20250723_151425,organique,0.55,organique_54_20250723_151425.jpg
20250723_151425,plastic,0.48,plastic_48_20250723_151425.jpg
20250723_151425,plastic,0.43,plastic_43_20250723_151425.jpg
20250723_151425,organique,0.40,organique_39_20250723_151425.jpg
20250723_151426,plastic,0.40,plastic_40_20250723_151426.jpg
20250723_151426,plastic,0.42,plastic_42_20250723_151426.jpg
20250723_151426,plastic,0.41,plastic_40_20250723_151426.jpg
20250723_151427,plastic,0.35,plastic_35_20250723_151427.jpg
20250723_151427,plastic,0.38,plastic_37_20250723_151427.jpg
20250723_151436,no_recycle,0.55,no_recycle_54_20250723_151436.jpg
20250723_151438,no_recycle,0.52,no_recycle_51_20250723_151438.jpg
20250723_151443,organique,0.55,organique_54_20250723_151443.jpg
20250723_151443,no_recycle,0.51,no_recycle_50_20250723_151443.jpg
20250723_151451,organique,0.47,organique_47_20250723_151451.jpg
20250723_151504,organique,0.56,organique_55_20250723_151504.jpg
20250723_151505,no_recycle,0.55,no_recycle_54_20250723_151505.jpg
20250723_151506,plastic,0.47,plastic_46_20250723_151506.jpg
20250723_151506,plastic,0.37,plastic_36_20250723_151506.jpg
20250723_151506,plastic,0.47,plastic_47_20250723_151506.jpg
20250723_151507,plastic,0.43,plastic_42_20250723_151507.jpg
20250723_151508,plastic,0.44,plastic_44_20250723_151508.jpg
20250723_151508,plastic,0.45,plastic_44_20250723_151508.jpg
20250723_151508,plastic,0.56,plastic_55_20250723_151508.jpg
20250723_151509,organique,0.50,organique_49_20250723_151509.jpg
20250723_151509,organique,0.46,organique_45_20250723_151509.jpg
20250723_151510,plastic,0.38,plastic_37_20250723_151510.jpg
20250723_151516,organique,0.60,organique_59_20250723_151516.jpg
20250723_151517,no_recycle,0.59,no_recycle_59_20250723_151517.jpg
20250723_151517,no_recycle,0.51,no_recycle_51_20250723_151517.jpg
20250723_151518,no_recycle,0.58,no_recycle_57_20250723_151518.jpg
20250723_151519,organique,0.53,organique_52_20250723_151519.jpg
20250723_151519,organique,0.58,organique_58_20250723_151519.jpg
20250723_151520,organique,0.55,organique_55_20250723_151520.jpg
20250723_151521,no_recycle,0.55,no_recycle_54_20250723_151521.jpg
20250723_151532,no_recycle,0.56,no_recycle_55_20250723_151532.jpg
20250723_151602,no_recycle,0.48,no_recycle_47_20250723_151602.jpg
20250723_151606,no_recycle,0.53,no_recycle_53_20250723_151606.jpg
20250723_151617,no_recycle,0.58,no_recycle_58_20250723_151617.jpg
20250723_151617,no_recycle,0.59,no_recycle_59_20250723_151617.jpg
20250723_151618,metal,0.58,metal_57_20250723_151618.jpg
20250723_151618,metal,0.54,metal_54_20250723_151618.jpg
20250723_151635,no_recycle,0.50,no_recycle_49_20250723_151635.jpg
20250723_151635,no_recycle,0.59,no_recycle_58_20250723_151635.jpg
20250723_151638,no_recycle,0.51,no_recycle_50_20250723_151638.jpg
20250723_151645,metal,0.54,metal_54_20250723_151645.jpg
20250723_151705,plastic,0.39,plastic_39_20250723_151705.jpg
20250723_151705,no_recycle,0.44,no_recycle_43_20250723_151705.jpg
20250723_151705,no_recycle,0.52,no_recycle_52_20250723_151705.jpg
20250723_151706,no_recycle,0.44,no_recycle_43_20250723_151706.jpg
20250723_151706,no_recycle,0.44,no_recycle_43_20250723_151706.jpg
20250723_151706,no_recycle,0.50,no_recycle_50_20250723_151706.jpg
20250723_151706,no_recycle,0.49,no_recycle_49_20250723_151706.jpg
20250723_151707,no_recycle,0.50,no_recycle_49_20250723_151707.jpg
20250723_151707,no_recycle,0.49,no_recycle_49_20250723_151707.jpg
20250723_151708,no_recycle,0.55,no_recycle_55_20250723_151708.jpg
20250723_151708,no_recycle,0.51,no_recycle_50_20250723_151708.jpg
20250723_151708,plastic,0.51,plastic_51_20250723_151708.jpg
20250723_151723,no_recycle,0.51,no_recycle_50_20250723_151723.jpg
20250723_151724,no_recycle,0.57,no_recycle_56_20250723_151724.jpg
20250723_151724,plastic,0.52,plastic_51_20250723_151724.jpg
20250723_151724,no_recycle,0.54,no_recycle_54_20250723_151724.jpg
20250723_151724,plastic,0.56,plastic_56_20250723_151724.jpg
20250723_151725,no_recycle,0.54,no_recycle_53_20250723_151725.jpg
20250723_151725,no_recycle,0.51,no_recycle_51_20250723_151725.jpg
20250723_151725,plastic,0.56,plastic_56_20250723_151725.jpg
20250723_151726,plastic,0.56,plastic_56_20250723_151726.jpg
20250723_151726,no_recycle,0.58,no_recycle_58_20250723_151726.jpg
20250723_151726,plastic,0.56,plastic_56_20250723_151726.jpg
20250723_151727,no_recycle,0.54,no_recycle_54_20250723_151727.jpg
20250723_151734,no_recycle,0.51,no_recycle_50_20250723_151734.jpg
20250723_151745,metal,0.60,metal_59_20250723_151745.jpg
20250723_151745,no_recycle,0.48,no_recycle_48_20250723_151745.jpg
20250723_151747,no_recycle,0.58,no_recycle_58_20250723_151747.jpg
20250723_151747,no_recycle,0.59,no_recycle_59_20250723_151747.jpg
20250723_151748,no_recycle,0.58,no_recycle_57_20250723_151748.jpg
20250723_151755,metal,0.59,metal_58_20250723_151755.jpg
20250723_151755,no_recycle,0.49,no_recycle_49_20250723_151755.jpg
20250723_151758,metal,0.57,metal_57_20250723_151758.jpg
20250723_151759,no_recycle,0.58,no_recycle_58_20250723_151759.jpg
20250723_151800,no_recycle,0.54,no_recycle_54_20250723_151800.jpg
20250723_151806,no_recycle,0.55,no_recycle_55_20250723_151806.jpg
20250723_151807,metal,0.59,metal_58_20250723_151807.jpg
20250723_151809,no_recycle,0.59,no_recycle_58_20250723_151809.jpg
20250723_151810,no_recycle,0.51,no_recycle_51_20250723_151810.jpg
20250723_151810,no_recycle,0.55,no_recycle_55_20250723_151810.jpg
20250723_151813,no_recycle,0.44,no_recycle_43_20250723_151813.jpg
20250723_151817,no_recycle,0.43,no_recycle_43_20250723_151817.jpg
20250723_151818,metal,0.53,metal_53_20250723_151818.jpg
20250723_151818,metal,0.58,metal_57_20250723_151818.jpg
20250723_151819,metal,0.58,metal_57_20250723_151819.jpg
20250723_151819,metal,0.51,metal_50_20250723_151819.jpg
20250723_151820,metal,0.55,metal_55_20250723_151820.jpg
20250723_151821,no_recycle,0.56,no_recycle_55_20250723_151821.jpg
20250723_151839,no_recycle,0.52,no_recycle_51_20250723_151839.jpg
20250723_151839,plastic,0.53,plastic_52_20250723_151839.jpg
20250723_151843,no_recycle,0.50,no_recycle_49_20250723_151843.jpg
20250723_151843,no_recycle,0.59,no_recycle_58_20250723_151843.jpg
20250723_151843,plastic,0.52,plastic_52_20250723_151843.jpg
20250723_151844,no_recycle,0.57,no_recycle_57_20250723_151844.jpg
20250723_151844,no_recycle,0.48,no_recycle_48_20250723_151844.jpg
20250723_151844,no_recycle,0.56,no_recycle_55_20250723_151844.jpg
20250723_151844,no_recycle,0.59,no_recycle_59_20250723_151844.jpg
20250723_151845,plastic,0.51,plastic_50_20250723_151845.jpg
20250723_151845,plastic,0.52,plastic_52_20250723_151845.jpg
20250723_151846,no_recycle,0.51,no_recycle_50_20250723_151846.jpg
20250723_151847,no_recycle,0.47,no_recycle_46_20250723_151847.jpg
20250723_151848,no_recycle,0.58,no_recycle_57_20250723_151848.jpg
20250723_151849,no_recycle,0.59,no_recycle_58_20250723_151849.jpg
20250723_151851,plastic,0.53,plastic_52_20250723_151851.jpg
20250723_151854,organique,0.46,organique_46_20250723_151854.jpg
20250723_151854,plastic,0.56,plastic_56_20250723_151854.jpg
20250723_151855,no_recycle,0.53,no_recycle_53_20250723_151855.jpg
20250723_151855,no_recycle,0.54,no_recycle_54_20250723_151855.jpg
20250723_151856,no_recycle,0.47,no_recycle_47_20250723_151856.jpg
20250723_151856,plastic,0.60,plastic_59_20250723_151856.jpg
20250723_151857,no_recycle,0.48,no_recycle_48_20250723_151857.jpg
20250723_151859,organique,0.38,organique_37_20250723_151859.jpg
20250723_151900,organique,0.47,organique_47_20250723_151900.jpg
20250723_151900,plastic,0.41,plastic_40_20250723_151900.jpg
20250723_151900,organique,0.47,organique_47_20250723_151900.jpg
20250723_151900,organique,0.43,organique_43_20250723_151900.jpg
20250723_151901,plastic,0.43,plastic_43_20250723_151901.jpg
20250723_151901,plastic,0.35,plastic_35_20250723_151901.jpg
20250723_151901,no_recycle,0.60,no_recycle_59_20250723_151901.jpg
20250723_151902,organique,0.44,organique_43_20250723_151902.jpg
20250723_151902,organique,0.54,organique_54_20250723_151902.jpg
20250723_151903,no_recycle,0.55,no_recycle_54_20250723_151903.jpg
20250723_151903,no_recycle,0.55,no_recycle_55_20250723_151903.jpg
20250723_151904,organique,0.59,organique_59_20250723_151904.jpg
20250723_151914,no_recycle,0.53,no_recycle_53_20250723_151914.jpg
20250723_151915,no_recycle,0.51,no_recycle_51_20250723_151915.jpg
20250723_151915,no_recycle,0.55,no_recycle_55_20250723_151915.jpg
20250723_160849,plastic,0.54,plastic_53_20250723_160849.jpg
20250723_160852,no_recycle,0.57,no_recycle_56_20250723_160852.jpg
20250723_160916,no_recycle,0.58,no_recycle_57_20250723_160916.jpg
20250723_160921,no_recycle,0.51,no_recycle_51_20250723_160921.jpg
20250723_160927,no_recycle,0.59,no_recycle_59_20250723_160927.jpg
20250723_160930,no_recycle,0.55,no_recycle_54_20250723_160930.jpg
20250723_160931,plastic,0.56,plastic_55_20250723_160931.jpg
20250723_160936,plastic,0.60,plastic_59_20250723_160936.jpg
20250723_160939,metal,0.50,metal_50_20250723_160939.jpg
20250723_161005,plastic,0.53,plastic_53_20250723_161005.jpg
20250723_161011,plastic,0.52,plastic_51_20250723_161011.jpg
20250723_161012,plastic,0.58,plastic_58_20250723_161012.jpg
20250723_161013,plastic,0.53,plastic_52_20250723_161013.jpg
20250723_161013,no_recycle,0.52,no_recycle_51_20250723_161013.jpg
20250723_161016,no_recycle,0.55,no_recycle_54_20250723_161016.jpg
20250723_161018,plastic,0.53,plastic_52_20250723_161018.jpg
20250723_161024,plastic,0.56,plastic_56_20250723_161024.jpg
20250723_161024,plastic,0.53,plastic_53_20250723_161024.jpg
20250723_161028,plastic,0.59,plastic_59_20250723_161028.jpg
20250723_161033,no_recycle,0.54,no_recycle_53_20250723_161033.jpg
20250723_161044,no_recycle,0.52,no_recycle_52_20250723_161044.jpg
20250723_161046,no_recycle,0.53,no_recycle_52_20250723_161046.jpg
20250723_161053,metal,0.49,metal_48_20250723_161053.jpg
20250723_161053,metal,0.50,metal_49_20250723_161053.jpg
20250723_161054,no_recycle,0.49,no_recycle_48_20250723_161054.jpg
20250723_161054,no_recycle,0.50,no_recycle_50_20250723_161054.jpg
20250723_161055,no_recycle,0.53,no_recycle_52_20250723_161055.jpg
20250723_161119,no_recycle,0.52,no_recycle_52_20250723_161119.jpg
20250723_161119,no_recycle,0.42,no_recycle_41_20250723_161119.jpg
20250723_161120,organique,0.44,organique_43_20250723_161120.jpg
20250723_161121,metal,0.60,metal_59_20250723_161121.jpg
20250723_161122,no_recycle,0.44,no_recycle_44_20250723_161122.jpg
20250723_161123,metal,0.50,metal_49_20250723_161123.jpg
20250723_161125,metal,0.52,metal_51_20250723_161125.jpg
20250723_161137,organique,0.60,organique_59_20250723_161137.jpg
20250723_161140,organique,0.49,organique_48_20250723_161140.jpg
20250723_161142,no_recycle,0.55,no_recycle_54_20250723_161142.jpg
20250723_161150,metal,0.54,metal_53_20250723_161150.jpg
20250723_161150,organique,0.57,organique_56_20250723_161150.jpg
20250723_161151,plastic,0.40,plastic_40_20250723_161151.jpg
20250723_161204,plastic,0.58,plastic_57_20250723_161204.jpg
20250723_161204,no_recycle,0.59,no_recycle_58_20250723_161204.jpg
20250723_161215,no_recycle,0.52,no_recycle_51_20250723_161215.jpg
20250723_161217,no_recycle,0.52,no_recycle_51_20250723_161217.jpg
20250723_161218,plastic,0.52,plastic_51_20250723_161218.jpg
20250723_161231,plastic,0.58,plastic_57_20250723_161231.jpg
20250723_161233,no_recycle,0.60,no_recycle_59_20250723_161233.jpg
20250723_161234,no_recycle,0.57,no_recycle_56_20250723_161234.jpg
20250723_161244,plastic,0.56,plastic_55_20250723_161244.jpg
20250723_161244,plastic,0.52,plastic_52_20250723_161244.jpg
20250723_161245,no_recycle,0.57,no_recycle_57_20250723_161245.jpg
20250723_161245,no_recycle,0.59,no_recycle_58_20250723_161245.jpg
20250723_161246,plastic,0.54,plastic_54_20250723_161246.jpg
20250723_161246,no_recycle,0.56,no_recycle_56_20250723_161246.jpg
20250723_161247,no_recycle,0.53,no_recycle_52_20250723_161247.jpg
20250723_161247,plastic,0.59,plastic_58_20250723_161247.jpg
20250723_161247,no_recycle,0.52,no_recycle_51_20250723_161247.jpg
20250723_161251,no_recycle,0.55,no_recycle_55_20250723_161251.jpg
20250723_161251,plastic,0.60,plastic_59_20250723_161251.jpg
20250723_161251,plastic,0.54,plastic_54_20250723_161251.jpg
20250723_161252,plastic,0.59,plastic_58_20250723_161252.jpg
20250723_161253,no_recycle,0.55,no_recycle_54_20250723_161253.jpg
20250723_161254,no_recycle,0.51,no_recycle_51_20250723_161254.jpg
20250723_161254,no_recycle,0.60,no_recycle_59_20250723_161254.jpg
20250723_161315,no_recycle,0.56,no_recycle_55_20250723_161315.jpg
20250723_161320,no_recycle,0.57,no_recycle_57_20250723_161320.jpg
20250723_161321,no_recycle,0.55,no_recycle_54_20250723_161321.jpg
20250723_161327,no_recycle,0.55,no_recycle_55_20250723_161327.jpg
20250723_161327,plastic,0.56,plastic_56_20250723_161327.jpg
20250723_161328,plastic,0.58,plastic_57_20250723_161328.jpg
20250723_161331,plastic,0.55,plastic_54_20250723_161331.jpg
20250723_161331,plastic,0.59,plastic_58_20250723_161331.jpg
20250723_161331,plastic,0.51,plastic_50_20250723_161331.jpg
20250723_161332,plastic,0.58,plastic_57_20250723_161332.jpg
20250723_161332,plastic,0.57,plastic_56_20250723_161332.jpg
20250723_161332,plastic,0.52,plastic_51_20250723_161332.jpg
20250723_161335,no_recycle,0.52,no_recycle_51_20250723_161335.jpg
20250723_161339,no_recycle,0.58,no_recycle_58_20250723_161339.jpg
20250723_161342,plastic,0.58,plastic_57_20250723_161342.jpg
20250723_161346,no_recycle,0.53,no_recycle_53_20250723_161346.jpg
20250723_161347,no_recycle,0.56,no_recycle_56_20250723_161347.jpg
20250723_161348,plastic,0.59,plastic_58_20250723_161348.jpg
20250723_161348,no_recycle,0.54,no_recycle_54_20250723_161348.jpg
20250723_161350,no_recycle,0.52,no_recycle_51_20250723_161350.jpg
20250723_161350,plastic,0.50,plastic_50_20250723_161350.jpg
20250723_161351,plastic,0.51,plastic_51_20250723_161351.jpg
20250723_161351,plastic,0.54,plastic_53_20250723_161351.jpg
20250723_161352,plastic,0.51,plastic_51_20250723_161352.jpg
20250723_161352,plastic,0.52,plastic_51_20250723_161352.jpg
20250723_161353,no_recycle,0.53,no_recycle_52_20250723_161353.jpg
20250723_161353,plastic,0.55,plastic_54_20250723_161353.jpg
20250723_161354,plastic,0.57,plastic_56_20250723_161354.jpg
20250723_161354,plastic,0.53,plastic_52_20250723_161354.jpg
20250723_161354,plastic,0.56,plastic_55_20250723_161354.jpg
20250723_165253,no_recycle,0.52,no_recycle_52_20250723_165253.jpg
20250723_165259,plastic,0.55,plastic_54_20250723_165259.jpg
20250723_165305,plastic,0.56,plastic_55_20250723_165305.jpg
20250723_165306,plastic,0.54,plastic_53_20250723_165306.jpg
20250723_165309,no_recycle,0.59,no_recycle_59_20250723_165309.jpg
20250723_165310,no_recycle,0.59,no_recycle_59_20250723_165310.jpg
20250723_165324,plastic,0.56,plastic_56_20250723_165324.jpg
20250723_165332,no_recycle,0.56,no_recycle_55_20250723_165332.jpg
20250723_165335,no_recycle,0.54,no_recycle_54_20250723_165335.jpg
20250723_165335,plastic,0.55,plastic_55_20250723_165335.jpg
20250723_165349,no_recycle,0.49,no_recycle_49_20250723_165349.jpg
20250723_165349,organique,0.58,organique_58_20250723_165349.jpg
20250723_165350,no_recycle,0.59,no_recycle_59_20250723_165350.jpg
20250723_165352,organique,0.57,organique_56_20250723_165352.jpg
20250723_165356,no_recycle,0.56,no_recycle_55_20250723_165356.jpg
20250723_165400,no_recycle,0.56,no_recycle_56_20250723_165400.jpg
20250723_165400,organique,0.55,organique_54_20250723_165400.jpg
20250723_165401,no_recycle,0.51,no_recycle_51_20250723_165401.jpg
20250723_165401,no_recycle,0.58,no_recycle_57_20250723_165401.jpg
20250723_165402,no_recycle,0.50,no_recycle_50_20250723_165402.jpg
20250723_165402,organique,0.59,organique_59_20250723_165402.jpg
20250723_165403,organique,0.55,organique_54_20250723_165403.jpg
20250723_165404,organique,0.54,organique_54_20250723_165404.jpg
20250723_165409,organique,0.52,organique_51_20250723_165409.jpg
20250723_165414,no_recycle,0.55,no_recycle_54_20250723_165414.jpg
20250723_165415,organique,0.56,organique_55_20250723_165415.jpg
20250723_165417,no_recycle,0.53,no_recycle_52_20250723_165417.jpg
20250723_165418,organique,0.57,organique_56_20250723_165418.jpg
20250723_165422,organique,0.54,organique_53_20250723_165422.jpg
20250723_165423,organique,0.59,organique_58_20250723_165423.jpg
20250723_165423,no_recycle,0.55,no_recycle_55_20250723_165423.jpg
20250723_165424,organique,0.59,organique_58_20250723_165424.jpg
20250723_165424,no_recycle,0.58,no_recycle_57_20250723_165424.jpg
20250723_165425,organique,0.56,organique_55_20250723_165425.jpg
20250723_165425,no_recycle,0.58,no_recycle_58_20250723_165425.jpg
20250723_165426,organique,0.52,organique_51_20250723_165426.jpg
20250723_165436,no_recycle,0.56,no_recycle_56_20250723_165436.jpg
20250723_165440,organique,0.54,organique_53_20250723_165440.jpg
20250723_165440,no_recycle,0.57,no_recycle_56_20250723_165440.jpg
20250723_165450,no_recycle,0.59,no_recycle_59_20250723_165450.jpg
20250723_165452,organique,0.53,organique_53_20250723_165452.jpg
20250723_165458,no_recycle,0.55,no_recycle_55_20250723_165458.jpg
20250723_165515,organique,0.49,organique_49_20250723_165515.jpg
20250723_165516,organique,0.58,organique_58_20250723_165516.jpg
20250723_165516,organique,0.53,organique_53_20250723_165516.jpg
20250723_165516,organique,0.53,organique_52_20250723_165516.jpg
20250723_165516,organique,0.44,organique_44_20250723_165516.jpg
20250723_165517,organique,0.59,organique_59_20250723_165517.jpg
20250723_165517,organique,0.56,organique_56_20250723_165517.jpg
20250723_165517,organique,0.44,organique_44_20250723_165517.jpg
20250723_165518,organique,0.56,organique_55_20250723_165518.jpg
20250723_165518,organique,0.56,organique_55_20250723_165518.jpg
20250723_165519,no_recycle,0.43,no_recycle_42_20250723_165519.jpg
20250723_165519,organique,0.57,organique_56_20250723_165519.jpg
20250723_165519,organique,0.55,organique_55_20250723_165519.jpg
20250723_165520,organique,0.53,organique_53_20250723_165520.jpg
20250723_165521,organique,0.58,organique_58_20250723_165521.jpg
20250723_165525,organique,0.60,organique_59_20250723_165525.jpg
20250723_165527,organique,0.55,organique_54_20250723_165527.jpg
20250723_165535,metal,0.53,metal_52_20250723_165535.jpg
20250723_165535,metal,0.48,metal_47_20250723_165535.jpg
20250723_165536,plastic,0.50,plastic_50_20250723_165536.jpg
20250723_165539,metal,0.55,metal_55_20250723_165539.jpg
20250723_165540,no_recycle,0.59,no_recycle_58_20250723_165540.jpg
20250723_165543,no_recycle,0.52,no_recycle_51_20250723_165543.jpg
20250723_165546,metal,0.53,metal_52_20250723_165546.jpg
20250723_165548,no_recycle,0.55,no_recycle_55_20250723_165548.jpg
20250723_165549,no_recycle,0.52,no_recycle_52_20250723_165549.jpg
20250723_165550,metal,0.42,metal_41_20250723_165550.jpg
20250723_165551,no_recycle,0.45,no_recycle_44_20250723_165551.jpg
20250723_165552,no_recycle,0.56,no_recycle_55_20250723_165552.jpg
20250723_165558,no_recycle,0.54,no_recycle_54_20250723_165558.jpg
20250723_165601,metal,0.60,metal_59_20250723_165601.jpg
20250723_165613,metal,0.59,metal_58_20250723_165613.jpg
20250723_165614,plastic,0.60,plastic_59_20250723_165614.jpg
20250723_165615,no_recycle,0.57,no_recycle_57_20250723_165615.jpg
20250723_165615,metal,0.44,metal_43_20250723_165615.jpg
20250723_165619,metal,0.52,metal_52_20250723_165619.jpg
20250723_165620,metal,0.53,metal_52_20250723_165620.jpg
20250723_165627,metal,0.55,metal_54_20250723_165627.jpg
20250723_165632,no_recycle,0.51,no_recycle_51_20250723_165632.jpg
20250723_165643,no_recycle,0.56,no_recycle_56_20250723_165643.jpg
20250723_165644,no_recycle,0.60,no_recycle_59_20250723_165644.jpg
20250723_165645,no_recycle,0.52,no_recycle_52_20250723_165645.jpg
20250723_165707,no_recycle,0.52,no_recycle_52_20250723_165707.jpg
20250723_165708,no_recycle,0.58,no_recycle_57_20250723_165708.jpg
20250723_165708,plastic,0.54,plastic_54_20250723_165708.jpg
20250723_165709,plastic,0.52,plastic_52_20250723_165709.jpg
20250723_165710,no_recycle,0.55,no_recycle_55_20250723_165710.jpg
20250723_165711,plastic,0.59,plastic_58_20250723_165711.jpg
20250723_165711,plastic,0.56,plastic_56_20250723_165711.jpg
20250723_165712,plastic,0.59,plastic_58_20250723_165712.jpg
20250723_165713,no_recycle,0.53,no_recycle_52_20250723_165713.jpg
20250723_165722,plastic,0.57,plastic_56_20250723_165722.jpg
20250723_165723,plastic,0.57,plastic_56_20250723_165723.jpg
20250723_165810,plastic,0.55,plastic_54_20250723_165810.jpg
20250723_165811,plastic,0.54,plastic_54_20250723_165811.jpg
20250723_165824,no_recycle,0.52,no_recycle_51_20250723_165824.jpg
20250723_165828,no_recycle,0.58,no_recycle_57_20250723_165828.jpg
20250723_165833,plastic,0.52,plastic_52_20250723_165833.jpg
20250723_165906,organique,0.54,organique_54_20250723_165906.jpg
20250723_165920,plastic,0.54,plastic_53_20250723_165920.jpg
20250723_165921,no_recycle,0.58,no_recycle_58_20250723_165921.jpg
20250723_165924,no_recycle,0.55,no_recycle_54_20250723_165924.jpg
20250723_165925,no_recycle,0.53,no_recycle_52_20250723_165925.jpg
20250723_165925,organique,0.47,organique_46_20250723_165925.jpg
20250723_165926,no_recycle,0.49,no_recycle_49_20250723_165926.jpg
20250723_165926,organique,0.48,organique_47_20250723_165926.jpg
20250723_165926,no_recycle,0.57,no_recycle_57_20250723_165926.jpg
20250723_165927,no_recycle,0.51,no_recycle_50_20250723_165927.jpg
20250723_165927,no_recycle,0.54,no_recycle_53_20250723_165927.jpg
20250723_165928,no_recycle,0.59,no_recycle_59_20250723_165928.jpg
20250723_165928,no_recycle,0.57,no_recycle_57_20250723_165928.jpg
20250723_165929,organique,0.53,organique_52_20250723_165929.jpg
20250723_165929,no_recycle,0.56,no_recycle_56_20250723_165929.jpg
20250723_165930,organique,0.52,organique_52_20250723_165930.jpg
20250723_165950,no_recycle,0.52,no_recycle_52_20250723_165950.jpg
20250723_170041,plastic,0.53,plastic_53_20250723_170041.jpg
20250723_170042,no_recycle,0.55,no_recycle_55_20250723_170042.jpg
20250723_170043,no_recycle,0.58,no_recycle_57_20250723_170043.jpg
20250723_170044,plastic,0.50,plastic_50_20250723_170044.jpg
20250723_170044,plastic,0.52,plastic_51_20250723_170044.jpg
20250723_170044,plastic,0.57,plastic_56_20250723_170044.jpg
20250723_170045,plastic,0.59,plastic_58_20250723_170045.jpg
20250723_170045,plastic,0.56,plastic_56_20250723_170045.jpg
20250723_170046,plastic,0.50,plastic_49_20250723_170046.jpg
20250723_170046,plastic,0.54,plastic_54_20250723_170046.jpg
20250723_170046,plastic,0.57,plastic_56_20250723_170046.jpg
20250723_170047,plastic,0.59,plastic_59_20250723_170047.jpg
20250723_170047,plastic,0.54,plastic_53_20250723_170047.jpg
20250723_170047,no_recycle,0.54,no_recycle_54_20250723_170047.jpg
20250723_170047,no_recycle,0.51,no_recycle_51_20250723_170047.jpg
20250723_170048,no_recycle,0.50,no_recycle_50_20250723_170048.jpg
20250723_170048,no_recycle,0.53,no_recycle_53_20250723_170048.jpg
20250723_170048,no_recycle,0.52,no_recycle_51_20250723_170048.jpg
20250723_170049,plastic,0.60,plastic_59_20250723_170049.jpg
20250723_170052,plastic,0.53,plastic_52_20250723_170052.jpg
20250723_170054,plastic,0.54,plastic_54_20250723_170054.jpg
20250723_170058,no_recycle,0.52,no_recycle_51_20250723_170058.jpg
20250723_170103,no_recycle,0.60,no_recycle_59_20250723_170103.jpg
20250723_170103,no_recycle,0.52,no_recycle_51_20250723_170103.jpg
20250723_170104,plastic,0.59,plastic_59_20250723_170104.jpg
20250723_170105,no_recycle,0.55,no_recycle_55_20250723_170105.jpg
20250723_170106,no_recycle,0.56,no_recycle_55_20250723_170106.jpg
20250723_170107,no_recycle,0.53,no_recycle_53_20250723_170107.jpg
20250723_170109,no_recycle,0.57,no_recycle_57_20250723_170109.jpg
20250723_170127,no_recycle,0.56,no_recycle_55_20250723_170127.jpg
20250723_170137,plastic,0.54,plastic_54_20250723_170137.jpg
20250723_170140,no_recycle,0.47,no_recycle_46_20250723_170140.jpg
20250723_170149,no_recycle,0.53,no_recycle_53_20250723_170149.jpg
20250723_170149,organique,0.59,organique_58_20250723_170149.jpg
20250723_170206,organique,0.54,organique_53_20250723_170206.jpg
20250723_170209,organique,0.57,organique_57_20250723_170209.jpg
20250725_115438,plastic,0.60,plastic_59_20250725_115438.jpg
20250725_115439,no_recycle,0.56,no_recycle_56_20250725_115439.jpg
20250725_115442,plastic,0.59,plastic_58_20250725_115442.jpg
20250725_115511,no_recycle,0.58,no_recycle_58_20250725_115511.jpg
20250725_115519,organique,0.41,organique_40_20250725_115519.jpg
20250725_115521,no_recycle,0.60,no_recycle_59_20250725_115521.jpg
20250725_115521,no_recycle,0.51,no_recycle_50_20250725_115521.jpg
20250725_115521,no_recycle,0.51,no_recycle_50_20250725_115521.jpg
20250725_115522,plastic,0.60,plastic_59_20250725_115522.jpg
20250725_115522,plastic,0.56,plastic_55_20250725_115522.jpg
20250725_115532,no_recycle,0.54,no_recycle_54_20250725_115532.jpg
20250725_115532,organique,0.51,organique_51_20250725_115532.jpg
20250725_115536,plastic,0.52,plastic_52_20250725_115536.jpg
20250725_115538,plastic,0.57,plastic_57_20250725_115538.jpg
20250725_115539,no_recycle,0.50,no_recycle_50_20250725_115539.jpg
20250725_115549,no_recycle,0.51,no_recycle_51_20250725_115549.jpg
20250725_115549,plastic,0.58,plastic_57_20250725_115549.jpg
20250725_115605,no_recycle,0.55,no_recycle_55_20250725_115605.jpg
20250725_115606,no_recycle,0.57,no_recycle_57_20250725_115606.jpg
20250725_115606,no_recycle,0.56,no_recycle_56_20250725_115606.jpg
20250725_115608,no_recycle,0.58,no_recycle_57_20250725_115608.jpg
20250725_115609,no_recycle,0.60,no_recycle_59_20250725_115609.jpg
20250725_115609,no_recycle,0.54,no_recycle_53_20250725_115609.jpg
20250725_115610,no_recycle,0.56,no_recycle_55_20250725_115610.jpg
20250725_115611,no_recycle,0.54,no_recycle_53_20250725_115611.jpg
20250725_115611,no_recycle,0.58,no_recycle_58_20250725_115611.jpg
20250725_115613,no_recycle,0.54,no_recycle_53_20250725_115613.jpg
20250725_115616,organique,0.51,organique_50_20250725_115616.jpg
20250725_115616,no_recycle,0.53,no_recycle_53_20250725_115616.jpg
20250725_115622,no_recycle,0.41,no_recycle_41_20250725_115622.jpg
20250725_115623,metal,0.58,metal_57_20250725_115623.jpg
20250725_115624,metal,0.39,metal_39_20250725_115624.jpg
20250725_115624,metal,0.44,metal_43_20250725_115624.jpg
20250725_115624,metal,0.52,metal_52_20250725_115624.jpg
20250725_115625,metal,0.53,metal_52_20250725_115625.jpg
20250725_115625,metal,0.56,metal_56_20250725_115625.jpg
20250725_115626,no_recycle,0.59,no_recycle_58_20250725_115626.jpg
20250725_115631,metal,0.40,metal_39_20250725_115631.jpg
20250725_115631,no_recycle,0.46,no_recycle_46_20250725_115631.jpg
20250725_115632,plastic,0.41,plastic_41_20250725_115632.jpg
20250725_115632,organique,0.42,organique_42_20250725_115632.jpg
20250725_115633,metal,0.46,metal_46_20250725_115633.jpg
20250725_115633,metal,0.57,metal_57_20250725_115633.jpg
20250725_115633,metal,0.50,metal_50_20250725_115633.jpg
20250725_115634,metal,0.57,metal_56_20250725_115634.jpg
20250725_115634,metal,0.57,metal_56_20250725_115634.jpg
20250725_115635,plastic,0.47,plastic_47_20250725_115635.jpg
20250725_115635,metal,0.38,metal_37_20250725_115635.jpg
20250725_115637,plastic,0.46,plastic_46_20250725_115637.jpg
20250725_115639,metal,0.60,metal_59_20250725_115639.jpg
20250725_115640,metal,0.58,metal_57_20250725_115640.jpg
20250725_115641,no_recycle,0.53,no_recycle_52_20250725_115641.jpg
20250725_115647,metal,0.54,metal_54_20250725_115647.jpg
20250725_115650,no_recycle,0.53,no_recycle_53_20250725_115650.jpg
20250725_115651,no_recycle,0.41,no_recycle_41_20250725_115651.jpg
20250725_115702,no_recycle,0.55,no_recycle_54_20250725_115702.jpg
20250725_115704,no_recycle,0.47,no_recycle_47_20250725_115704.jpg
20250725_115706,plastic,0.55,plastic_54_20250725_115706.jpg
20250725_115706,no_recycle,0.58,no_recycle_57_20250725_115706.jpg
20250725_115748,plastic,0.54,plastic_53_20250725_115748.jpg
20250725_115750,organique,0.51,organique_50_20250725_115750.jpg
20250725_115751,no_recycle,0.48,no_recycle_47_20250725_115751.jpg
20250725_115751,no_recycle,0.56,no_recycle_55_20250725_115751.jpg
20250725_115752,no_recycle,0.57,no_recycle_56_20250725_115752.jpg
20250725_115753,organique,0.48,organique_48_20250725_115753.jpg
20250725_115753,no_recycle,0.52,no_recycle_52_20250725_115753.jpg
20250725_115753,organique,0.49,organique_48_20250725_115753.jpg
20250725_115756,organique,0.58,organique_57_20250725_115756.jpg
20250725_115756,organique,0.56,organique_56_20250725_115756.jpg
20250725_115756,no_recycle,0.60,no_recycle_59_20250725_115756.jpg
20250725_130528,no_recycle,0.56,no_recycle_55_20250725_130528.jpg
20250725_130530,plastic,0.58,plastic_57_20250725_130530.jpg
20250725_130530,no_recycle,0.42,no_recycle_41_20250725_130530.jpg
20250725_130538,no_recycle,0.47,no_recycle_47_20250725_130538.jpg
20250725_130540,no_recycle,0.56,no_recycle_56_20250725_130540.jpg
20250725_130542,no_recycle,0.51,no_recycle_51_20250725_130542.jpg
20250725_130551,no_recycle,0.57,no_recycle_56_20250725_130551.jpg
20250725_130551,plastic,0.59,plastic_59_20250725_130551.jpg
20250725_130552,plastic,0.51,plastic_50_20250725_130552.jpg
20250725_130553,plastic,0.58,plastic_57_20250725_130553.jpg
20250725_130553,organique,0.39,organique_39_20250725_130553.jpg
20250725_130554,plastic,0.43,plastic_42_20250725_130554.jpg
20250725_130554,no_recycle,0.49,no_recycle_48_20250725_130554.jpg
20250725_130556,no_recycle,0.60,no_recycle_59_20250725_130556.jpg
20250725_130557,plastic,0.52,plastic_52_20250725_130557.jpg
20250725_130558,no_recycle,0.57,no_recycle_56_20250725_130558.jpg
20250725_130600,no_recycle,0.55,no_recycle_54_20250725_130600.jpg
20250725_130603,no_recycle,0.44,no_recycle_43_20250725_130603.jpg
20250725_130607,no_recycle,0.47,no_recycle_47_20250725_130607.jpg
20250725_130611,plastic,0.48,plastic_48_20250725_130611.jpg
20250727_122607,no_recycle,0.56,no_recycle_55_20250727_122607.jpg
20250727_122608,no_recycle,0.58,no_recycle_57_20250727_122608.jpg
20250727_122611,no_recycle,0.60,no_recycle_59_20250727_122611.jpg
20250727_122611,no_recycle,0.53,no_recycle_52_20250727_122611.jpg
20250727_122613,no_recycle,0.53,no_recycle_52_20250727_122613.jpg
20250727_122613,no_recycle,0.60,no_recycle_59_20250727_122613.jpg
20250727_122615,no_recycle,0.57,no_recycle_56_20250727_122615.jpg
20250727_122616,organique,0.60,organique_59_20250727_122616.jpg
20250727_122617,organique,0.45,organique_44_20250727_122617.jpg
20250727_122617,no_recycle,0.52,no_recycle_52_20250727_122617.jpg
20250727_122617,no_recycle,0.47,no_recycle_46_20250727_122617.jpg
20250727_122619,no_recycle,0.54,no_recycle_53_20250727_122619.jpg
20250727_122619,organique,0.44,organique_44_20250727_122619.jpg
20250727_122620,organique,0.59,organique_59_20250727_122620.jpg
20250727_122620,organique,0.52,organique_52_20250727_122620.jpg
20250727_122620,organique,0.51,organique_50_20250727_122620.jpg
20250727_122620,organique,0.47,organique_47_20250727_122620.jpg
20250727_122621,no_recycle,0.50,no_recycle_49_20250727_122621.jpg
20250727_122621,no_recycle,0.56,no_recycle_55_20250727_122621.jpg
20250727_122622,organique,0.51,organique_51_20250727_122622.jpg
20250727_122622,no_recycle,0.40,no_recycle_40_20250727_122622.jpg
20250727_122622,plastic,0.39,plastic_38_20250727_122622.jpg
20250727_122623,plastic,0.40,plastic_39_20250727_122623.jpg
20250727_122623,no_recycle,0.45,no_recycle_45_20250727_122623.jpg
20250727_122624,plastic,0.43,plastic_43_20250727_122624.jpg
20250727_122624,plastic,0.54,plastic_54_20250727_122624.jpg
20250727_122624,no_recycle,0.44,no_recycle_43_20250727_122624.jpg
20250727_122624,no_recycle,0.40,no_recycle_40_20250727_122624.jpg
20250727_122625,no_recycle,0.47,no_recycle_47_20250727_122625.jpg
20250727_122625,plastic,0.45,plastic_45_20250727_122625.jpg
20250727_122625,no_recycle,0.60,no_recycle_59_20250727_122625.jpg
20250727_122629,no_recycle,0.49,no_recycle_49_20250727_122629.jpg
20250727_122635,no_recycle,0.59,no_recycle_59_20250727_122635.jpg
20250727_122635,no_recycle,0.54,no_recycle_54_20250727_122635.jpg
20250727_122637,no_recycle,0.51,no_recycle_50_20250727_122637.jpg
20250727_122637,plastic,0.58,plastic_57_20250727_122637.jpg
20250727_122637,plastic,0.55,plastic_55_20250727_122637.jpg
20250727_122638,plastic,0.53,plastic_52_20250727_122638.jpg
20250727_122638,plastic,0.59,plastic_59_20250727_122638.jpg
20250727_122638,plastic,0.50,plastic_50_20250727_122638.jpg
20250727_122645,no_recycle,0.51,no_recycle_51_20250727_122645.jpg
20250727_122645,no_recycle,0.54,no_recycle_54_20250727_122645.jpg
20250727_122646,plastic,0.54,plastic_54_20250727_122646.jpg
20250727_122647,plastic,0.51,plastic_50_20250727_122647.jpg
20250727_122651,no_recycle,0.49,no_recycle_48_20250727_122651.jpg
20250727_122652,plastic,0.58,plastic_57_20250727_122652.jpg
20250727_122653,plastic,0.55,plastic_54_20250727_122653.jpg
20250727_122654,no_recycle,0.52,no_recycle_52_20250727_122654.jpg
20250727_122654,plastic,0.59,plastic_58_20250727_122654.jpg
20250727_122704,plastic,0.51,plastic_50_20250727_122704.jpg
20250727_122711,organique,0.54,organique_54_20250727_122711.jpg
20250727_122712,organique,0.55,organique_55_20250727_122712.jpg
20250727_122712,organique,0.56,organique_55_20250727_122712.jpg
20250727_122712,organique,0.54,organique_54_20250727_122712.jpg
20250727_122713,plastic,0.59,plastic_59_20250727_122713.jpg
20250727_122713,plastic,0.56,plastic_55_20250727_122713.jpg
20250727_122713,organique,0.58,organique_57_20250727_122713.jpg
20250727_122713,plastic,0.59,plastic_58_20250727_122713.jpg
20250727_122714,plastic,0.56,plastic_56_20250727_122714.jpg
20250727_122714,plastic,0.48,plastic_47_20250727_122714.jpg
20250727_122715,plastic,0.59,plastic_59_20250727_122715.jpg
20250727_122716,plastic,0.56,plastic_55_20250727_122716.jpg
20250727_122716,plastic,0.58,plastic_57_20250727_122716.jpg
20250727_122717,plastic,0.55,plastic_55_20250727_122717.jpg
20250727_122717,organique,0.49,organique_49_20250727_122717.jpg
20250727_122717,plastic,0.56,plastic_56_20250727_122717.jpg
20250727_122717,plastic,0.50,plastic_49_20250727_122717.jpg
20250727_122723,no_recycle,0.56,no_recycle_55_20250727_122723.jpg
20250727_122724,plastic,0.57,plastic_57_20250727_122724.jpg
20250727_122726,no_recycle,0.54,no_recycle_53_20250727_122726.jpg
20250727_122729,plastic,0.56,plastic_55_20250727_122729.jpg
20250727_122730,plastic,0.55,plastic_55_20250727_122730.jpg
20250727_122732,plastic,0.59,plastic_58_20250727_122732.jpg
20250727_122733,plastic,0.56,plastic_56_20250727_122733.jpg
20250727_122735,plastic,0.50,plastic_49_20250727_122735.jpg
20250727_122736,plastic,0.57,plastic_57_20250727_122736.jpg
20250727_122736,no_recycle,0.59,no_recycle_59_20250727_122736.jpg
20250727_122737,plastic,0.53,plastic_52_20250727_122737.jpg
20250727_122739,metal,0.52,metal_52_20250727_122739.jpg
20250727_122740,metal,0.52,metal_51_20250727_122740.jpg
20250727_122741,plastic,0.46,plastic_45_20250727_122741.jpg
20250727_122743,no_recycle,0.55,no_recycle_55_20250727_122743.jpg
20250727_122744,no_recycle,0.49,no_recycle_49_20250727_122744.jpg
20250727_122744,metal,0.53,metal_53_20250727_122744.jpg
20250727_122744,no_recycle,0.50,no_recycle_50_20250727_122744.jpg
20250727_122745,metal,0.44,metal_43_20250727_122745.jpg
20250727_122745,metal,0.56,metal_56_20250727_122745.jpg
20250727_122745,metal,0.46,metal_46_20250727_122745.jpg
20250727_122748,no_recycle,0.58,no_recycle_58_20250727_122748.jpg
20250727_122749,no_recycle,0.51,no_recycle_51_20250727_122749.jpg
20250727_122754,no_recycle,0.54,no_recycle_53_20250727_122754.jpg
20250727_122803,plastic,0.51,plastic_50_20250727_122803.jpg
20250727_122804,organique,0.56,organique_55_20250727_122804.jpg
20250727_122805,no_recycle,0.47,no_recycle_47_20250727_122805.jpg
20250727_122805,no_recycle,0.58,no_recycle_57_20250727_122805.jpg
20250727_122806,no_recycle,0.45,no_recycle_45_20250727_122806.jpg
20250727_122815,no_recycle,0.50,no_recycle_50_20250727_122815.jpg
20250727_122815,plastic,0.53,plastic_53_20250727_122815.jpg
20250727_122833,no_recycle,0.57,no_recycle_56_20250727_122833.jpg
20250727_122838,no_recycle,0.55,no_recycle_55_20250727_122838.jpg
20250727_122841,no_recycle,0.49,no_recycle_49_20250727_122841.jpg
20250727_122841,no_recycle,0.49,no_recycle_49_20250727_122841.jpg
20250727_122841,no_recycle,0.46,no_recycle_46_20250727_122841.jpg
20250727_122842,no_recycle,0.44,no_recycle_43_20250727_122842.jpg
20250727_122934,no_recycle,0.45,no_recycle_44_20250727_122934.jpg
20250727_122935,metal,0.55,metal_55_20250727_122935.jpg
20250727_122935,plastic,0.50,plastic_49_20250727_122935.jpg
20250727_122936,no_recycle,0.56,no_recycle_56_20250727_122936.jpg
20250727_122937,plastic,0.59,plastic_59_20250727_122937.jpg
20250727_122950,no_recycle,0.55,no_recycle_55_20250727_122950.jpg
20250727_122951,no_recycle,0.50,no_recycle_50_20250727_122951.jpg
20250727_122952,plastic,0.45,plastic_45_20250727_122952.jpg
20250727_122952,no_recycle,0.37,no_recycle_36_20250727_122952.jpg
20250727_122952,organique,0.49,organique_48_20250727_122952.jpg
20250727_122953,organique,0.55,organique_54_20250727_122953.jpg
20250727_122953,organique,0.50,organique_50_20250727_122953.jpg
20250727_122953,organique,0.55,organique_54_20250727_122953.jpg
20250727_122954,organique,0.49,organique_48_20250727_122954.jpg
20250727_122954,organique,0.59,organique_59_20250727_122954.jpg
20250727_122954,organique,0.50,organique_50_20250727_122954.jpg
20250727_122954,organique,0.53,organique_53_20250727_122954.jpg
20250727_122955,organique,0.60,organique_59_20250727_122955.jpg
20250727_122955,organique,0.48,organique_47_20250727_122955.jpg
20250727_122956,organique,0.45,organique_44_20250727_122956.jpg
20250727_122956,organique,0.54,organique_54_20250727_122956.jpg
20250727_122956,metal,0.41,metal_40_20250727_122956.jpg
20250727_122956,organique,0.52,organique_52_20250727_122956.jpg
20250727_122957,metal,0.34,metal_33_20250727_122957.jpg
20250727_123014,plastic,0.54,plastic_54_20250727_123014.jpg
20250727_123016,plastic,0.49,plastic_49_20250727_123016.jpg
20250727_123016,no_recycle,0.41,no_recycle_41_20250727_123016.jpg
20250727_123018,plastic,0.52,plastic_52_20250727_123018.jpg
20250727_123024,plastic,0.50,plastic_50_20250727_123024.jpg
20250727_123024,plastic,0.56,plastic_56_20250727_123024.jpg
20250727_123025,no_recycle,0.48,no_recycle_48_20250727_123025.jpg
20250727_123025,plastic,0.49,plastic_49_20250727_123025.jpg
20250727_123026,plastic,0.52,plastic_51_20250727_123026.jpg
20250727_123026,no_recycle,0.51,no_recycle_50_20250727_123026.jpg
20250727_123028,no_recycle,0.57,no_recycle_57_20250727_123028.jpg
20250727_123028,no_recycle,0.51,no_recycle_50_20250727_123028.jpg
20250727_123032,no_recycle,0.55,no_recycle_55_20250727_123032.jpg
20250727_123033,plastic,0.56,plastic_55_20250727_123033.jpg
20250727_123033,metal,0.47,metal_47_20250727_123033.jpg
20250727_123034,metal,0.58,metal_58_20250727_123034.jpg
20250727_123034,metal,0.46,metal_45_20250727_123034.jpg
20250727_123034,no_recycle,0.54,no_recycle_53_20250727_123034.jpg
20250727_123034,no_recycle,0.54,no_recycle_53_20250727_123034.jpg
20250727_123035,no_recycle,0.48,no_recycle_48_20250727_123035.jpg
20250727_123036,no_recycle,0.50,no_recycle_49_20250727_123036.jpg
20250727_123036,no_recycle,0.51,no_recycle_50_20250727_123036.jpg
20250727_123036,plastic,0.45,plastic_44_20250727_123036.jpg
20250727_123036,plastic,0.44,plastic_44_20250727_123036.jpg
20250727_123037,no_recycle,0.56,no_recycle_55_20250727_123037.jpg
20250727_123037,no_recycle,0.58,no_recycle_57_20250727_123037.jpg
20250727_123038,metal,0.47,metal_47_20250727_123038.jpg
20250727_123038,metal,0.59,metal_58_20250727_123038.jpg
20250727_123038,no_recycle,0.59,no_recycle_58_20250727_123038.jpg
20250727_123039,plastic,0.48,plastic_47_20250727_123039.jpg
20250727_123039,no_recycle,0.50,no_recycle_50_20250727_123039.jpg
20250727_123040,plastic,0.44,plastic_43_20250727_123040.jpg
20250727_123042,no_recycle,0.48,no_recycle_48_20250727_123042.jpg
20250727_123042,plastic,0.44,plastic_44_20250727_123042.jpg
20250727_123042,plastic,0.51,plastic_51_20250727_123042.jpg
20250727_123043,metal,0.45,metal_45_20250727_123043.jpg
20250727_123044,metal,0.57,metal_57_20250727_123044.jpg
20250727_123044,metal,0.53,metal_52_20250727_123044.jpg
20250727_123045,no_recycle,0.56,no_recycle_55_20250727_123045.jpg
20250727_123048,plastic,0.52,plastic_51_20250727_123048.jpg
20250727_123048,no_recycle,0.52,no_recycle_51_20250727_123048.jpg
20250727_123050,no_recycle,0.54,no_recycle_53_20250727_123050.jpg
20250727_123051,plastic,0.52,plastic_51_20250727_123051.jpg
20250727_123052,metal,0.41,metal_41_20250727_123052.jpg
20250727_123052,plastic,0.58,plastic_57_20250727_123052.jpg
20250727_123054,no_recycle,0.59,no_recycle_58_20250727_123054.jpg
20250727_123054,plastic,0.52,plastic_52_20250727_123054.jpg
20250727_123055,plastic,0.50,plastic_50_20250727_123055.jpg
20250727_123055,no_recycle,0.51,no_recycle_50_20250727_123055.jpg
20250727_123055,no_recycle,0.55,no_recycle_54_20250727_123055.jpg
20250727_123055,no_recycle,0.57,no_recycle_56_20250727_123055.jpg
20250727_123056,plastic,0.56,plastic_56_20250727_123056.jpg
20250727_123057,no_recycle,0.54,no_recycle_54_20250727_123057.jpg
20250727_123106,plastic,0.51,plastic_50_20250727_123106.jpg
20250727_123111,metal,0.52,metal_51_20250727_123111.jpg
20250727_123112,plastic,0.51,plastic_51_20250727_123112.jpg
20250727_123133,plastic,0.51,plastic_50_20250727_123133.jpg
20250727_123133,metal,0.56,metal_56_20250727_123133.jpg
20250727_123134,no_recycle,0.40,no_recycle_40_20250727_123134.jpg
20250727_123134,plastic,0.40,plastic_39_20250727_123134.jpg
20250727_123134,no_recycle,0.40,no_recycle_40_20250727_123134.jpg
20250727_123134,metal,0.46,metal_46_20250727_123134.jpg
20250727_123135,plastic,0.58,plastic_58_20250727_123135.jpg
20250727_123144,plastic,0.60,plastic_59_20250727_123144.jpg
20250727_123144,no_recycle,0.51,no_recycle_51_20250727_123144.jpg
20250727_123145,no_recycle,0.47,no_recycle_46_20250727_123145.jpg
20250727_123145,metal,0.46,metal_45_20250727_123145.jpg
20250727_123202,metal,0.47,metal_46_20250727_123202.jpg
20250727_123204,metal,0.51,metal_51_20250727_123204.jpg
20250727_123204,plastic,0.58,plastic_57_20250727_123204.jpg
20250727_123205,plastic,0.58,plastic_58_20250727_123205.jpg
20250727_123205,no_recycle,0.54,no_recycle_53_20250727_123205.jpg
20250727_123205,no_recycle,0.52,no_recycle_52_20250727_123205.jpg
20250727_123205,no_recycle,0.55,no_recycle_54_20250727_123205.jpg
20250727_123206,metal,0.55,metal_54_20250727_123206.jpg
20250727_123206,no_recycle,0.51,no_recycle_50_20250727_123206.jpg
20250727_123207,plastic,0.54,plastic_54_20250727_123207.jpg
20250727_123207,no_recycle,0.44,no_recycle_43_20250727_123207.jpg
20250727_123207,no_recycle,0.36,no_recycle_35_20250727_123207.jpg
20250727_123208,metal,0.56,metal_55_20250727_123208.jpg
20250727_123208,plastic,0.44,plastic_44_20250727_123208.jpg
20250727_123236,metal,0.58,metal_57_20250727_123236.jpg
20250727_123237,no_recycle,0.58,no_recycle_58_20250727_123237.jpg
20250727_123237,plastic,0.53,plastic_53_20250727_123237.jpg
20250727_123237,no_recycle,0.49,no_recycle_48_20250727_123237.jpg
20250727_123238,plastic,0.55,plastic_55_20250727_123238.jpg
20250727_123238,metal,0.57,metal_57_20250727_123238.jpg
20250727_123257,metal,0.52,metal_51_20250727_123257.jpg
20250727_123257,plastic,0.49,plastic_48_20250727_123257.jpg
20250727_123257,plastic,0.52,plastic_51_20250727_123257.jpg
20250727_123258,metal,0.55,metal_54_20250727_123258.jpg
20250727_123258,no_recycle,0.49,no_recycle_49_20250727_123258.jpg
20250727_123259,no_recycle,0.45,no_recycle_45_20250727_123259.jpg
20250727_123300,metal,0.58,metal_57_20250727_123300.jpg
20250727_123320,metal,0.52,metal_52_20250727_123320.jpg
20250727_123320,metal,0.60,metal_59_20250727_123320.jpg
20250727_123321,metal,0.51,metal_50_20250727_123321.jpg
20250727_123321,metal,0.56,metal_56_20250727_123321.jpg
20250727_123322,plastic,0.55,plastic_55_20250727_123322.jpg
20250727_123323,no_recycle,0.58,no_recycle_58_20250727_123323.jpg
20250727_123323,metal,0.58,metal_57_20250727_123323.jpg
20250727_123324,no_recycle,0.42,no_recycle_41_20250727_123324.jpg
20250727_123325,plastic,0.40,plastic_40_20250727_123325.jpg
20250727_123325,metal,0.40,metal_39_20250727_123325.jpg
20250727_123326,metal,0.48,metal_48_20250727_123326.jpg
20250727_123335,plastic,0.47,plastic_46_20250727_123335.jpg
20250727_123336,plastic,0.49,plastic_48_20250727_123336.jpg
20250727_123337,no_recycle,0.53,no_recycle_52_20250727_123337.jpg
20250727_123337,plastic,0.56,plastic_56_20250727_123337.jpg
20250727_123338,no_recycle,0.50,no_recycle_49_20250727_123338.jpg
20250727_123338,plastic,0.55,plastic_55_20250727_123338.jpg
20250727_123343,plastic,0.57,plastic_56_20250727_123343.jpg
20250727_123346,organique,0.38,organique_38_20250727_123346.jpg
20250727_123347,plastic,0.53,plastic_52_20250727_123347.jpg
20250727_123414,plastic,0.49,plastic_49_20250727_123414.jpg
20250727_123417,plastic,0.52,plastic_52_20250727_123417.jpg
20250727_123417,no_recycle,0.57,no_recycle_56_20250727_123417.jpg
20250727_123418,metal,0.54,metal_53_20250727_123418.jpg
20250727_123424,plastic,0.52,plastic_52_20250727_123424.jpg
20250727_123425,no_recycle,0.54,no_recycle_54_20250727_123425.jpg
20250727_123425,no_recycle,0.54,no_recycle_54_20250727_123425.jpg
20250727_123429,no_recycle,0.58,no_recycle_57_20250727_123429.jpg
20250727_123433,no_recycle,0.48,no_recycle_47_20250727_123433.jpg
20250727_123433,no_recycle,0.45,no_recycle_44_20250727_123433.jpg
20250727_123434,plastic,0.52,plastic_51_20250727_123434.jpg
20250727_123435,plastic,0.54,plastic_53_20250727_123435.jpg
20250727_123435,no_recycle,0.59,no_recycle_59_20250727_123435.jpg
20250727_123435,plastic,0.50,plastic_50_20250727_123435.jpg
20250727_123436,plastic,0.52,plastic_51_20250727_123436.jpg
20250727_123436,no_recycle,0.59,no_recycle_59_20250727_123436.jpg
20250727_123436,no_recycle,0.50,no_recycle_50_20250727_123436.jpg
20250727_123437,no_recycle,0.52,no_recycle_52_20250727_123437.jpg
20250727_123437,no_recycle,0.56,no_recycle_56_20250727_123437.jpg
20250727_123438,no_recycle,0.60,no_recycle_59_20250727_123438.jpg
20250727_123438,no_recycle,0.54,no_recycle_53_20250727_123438.jpg
20250727_123439,no_recycle,0.57,no_recycle_56_20250727_123439.jpg
20250727_123439,no_recycle,0.54,no_recycle_53_20250727_123439.jpg
20250727_123443,plastic,0.54,plastic_54_20250727_123443.jpg
20250727_123443,no_recycle,0.58,no_recycle_57_20250727_123443.jpg
20250727_123444,no_recycle,0.58,no_recycle_57_20250727_123444.jpg
20250727_123447,no_recycle,0.55,no_recycle_54_20250727_123447.jpg
20250727_123447,no_recycle,0.54,no_recycle_53_20250727_123447.jpg
20250727_123447,plastic,0.46,plastic_46_20250727_123447.jpg
20250727_123448,plastic,0.45,plastic_44_20250727_123448.jpg
20250727_123448,plastic,0.52,plastic_51_20250727_123448.jpg
20250727_123448,plastic,0.45,plastic_44_20250727_123448.jpg
20250727_123448,organique,0.52,organique_51_20250727_123448.jpg
20250727_123449,organique,0.50,organique_49_20250727_123449.jpg
20250727_123449,plastic,0.52,plastic_52_20250727_123449.jpg
20250727_123451,organique,0.49,organique_49_20250727_123451.jpg
20250727_123451,plastic,0.47,plastic_47_20250727_123451.jpg
20250727_123457,no_recycle,0.51,no_recycle_51_20250727_123457.jpg
20250727_123457,no_recycle,0.47,no_recycle_46_20250727_123457.jpg
20250727_123457,metal,0.56,metal_56_20250727_123457.jpg
20250727_123502,no_recycle,0.59,no_recycle_59_20250727_123502.jpg
20250727_123507,plastic,0.52,plastic_52_20250727_123507.jpg
20250727_123508,no_recycle,0.58,no_recycle_58_20250727_123508.jpg
20250727_123509,no_recycle,0.39,no_recycle_39_20250727_123509.jpg
20250727_123510,no_recycle,0.57,no_recycle_57_20250727_123510.jpg
20250727_123510,metal,0.57,metal_56_20250727_123510.jpg
20250727_123511,no_recycle,0.57,no_recycle_57_20250727_123511.jpg
20250727_123513,no_recycle,0.39,no_recycle_38_20250727_123513.jpg
20250727_123513,no_recycle,0.52,no_recycle_51_20250727_123513.jpg
20250727_123514,no_recycle,0.46,no_recycle_45_20250727_123514.jpg
20250727_123514,organique,0.58,organique_58_20250727_123514.jpg
20250727_123514,organique,0.58,organique_57_20250727_123514.jpg
20250727_123514,organique,0.53,organique_53_20250727_123514.jpg
20250727_123514,organique,0.40,organique_39_20250727_123514.jpg
20250727_123515,no_recycle,0.41,no_recycle_41_20250727_123515.jpg
20250727_123515,organique,0.40,organique_39_20250727_123515.jpg
20250727_123516,no_recycle,0.52,no_recycle_51_20250727_123516.jpg
20250727_123517,metal,0.52,metal_51_20250727_123517.jpg
20250727_123517,metal,0.59,metal_59_20250727_123517.jpg
20250727_123518,no_recycle,0.58,no_recycle_58_20250727_123518.jpg
20250727_123521,plastic,0.41,plastic_41_20250727_123521.jpg
20250727_123521,metal,0.57,metal_56_20250727_123521.jpg
20250727_123521,plastic,0.53,plastic_53_20250727_123521.jpg
20250727_123522,metal,0.52,metal_52_20250727_123522.jpg
20250727_123522,no_recycle,0.57,no_recycle_57_20250727_123522.jpg
20250727_123522,plastic,0.60,plastic_59_20250727_123522.jpg
20250727_123523,plastic,0.47,plastic_47_20250727_123523.jpg
20250727_123526,no_recycle,0.57,no_recycle_56_20250727_123526.jpg
20250727_123526,no_recycle,0.50,no_recycle_49_20250727_123526.jpg
20250727_123527,plastic,0.53,plastic_52_20250727_123527.jpg
20250727_123530,no_recycle,0.44,no_recycle_44_20250727_123530.jpg
20250727_123531,metal,0.54,metal_54_20250727_123531.jpg
20250731_101231,metal,0.49,metal_49_20250731_101231.jpg
20250731_101258,plastic,0.50,plastic_49_20250731_101258.jpg
20250731_101307,organique,0.34,organique_34_20250731_101307.jpg
